index,lang_id
33000,ssw
33001,nbl
33002,ven
33003,ssw
33004,ssw
33005,nso
33006,nbl
33007,sot
33008,zul
33009,eng
33010,nso
33011,tso
33012,tsn
33013,sot
33014,tso
33015,xho
33016,xho
33017,ssw
33018,afr
33019,ven
33020,afr
33021,ven
33022,zul
33023,afr
33024,nso
33025,zul
33026,ssw
33027,afr
33028,nso
33029,tso
33030,zul
33031,xho
33032,sot
33033,nso
33034,ssw
33035,afr
33036,nso
33037,xho
33038,sot
33039,eng
33040,zul
33041,ssw
33042,ven
33043,nbl
33044,afr
33045,ven
33046,zul
33047,ven
33048,nbl
33049,tsn
33050,sot
33051,xho
33052,sot
33053,sot
33054,zul
33055,ven
33056,nbl
33057,xho
33058,ssw
33059,sot
33060,afr
33061,tso
33062,afr
33063,zul
33064,xho
33065,ssw
33066,sot
33067,nso
33068,nso
33069,zul
33070,ssw
33071,tso
33072,xho
33073,nso
33074,afr
33075,ven
33076,zul
33077,tso
33078,xho
33079,ssw
33080,tsn
33081,nso
33082,xho
33083,tsn
33084,afr
33085,nso
33086,sot
33087,tso
33088,tso
33089,xho
33090,ssw
33091,xho
33092,zul
33093,sot
33094,ssw
33095,nso
33096,afr
33097,ssw
33098,ven
33099,nbl
33100,ssw
33101,tso
33102,nso
33103,zul
33104,ven
33105,ven
33106,ssw
33107,nso
33108,sot
33109,sot
33110,xho
33111,zul
33112,xho
33113,tso
33114,zul
33115,sot
33116,afr
33117,nbl
33118,eng
33119,eng
33120,sot
33121,eng
33122,nbl
33123,tso
33124,nso
33125,afr
33126,ssw
33127,tso
33128,tso
33129,tsn
33130,tso
33131,ven
33132,zul
33133,sot
33134,tsn
33135,ssw
33136,xho
33137,sot
33138,ssw
33139,afr
33140,sot
33141,tsn
33142,nbl
33143,nso
33144,nbl
33145,ven
33146,nso
33147,sot
33148,xho
33149,ven
33150,nso
33151,xho
33152,xho
33153,tsn
33154,ssw
33155,ven
33156,xho
33157,tsn
33158,eng
33159,sot
33160,zul
33161,tso
33162,nso
33163,xho
33164,ssw
33165,sot
33166,nbl
33167,zul
33168,eng
33169,nbl
33170,xho
33171,nso
33172,xho
33173,afr
33174,tso
33175,nso
33176,afr
33177,xho
33178,tso
33179,xho
33180,tsn
33181,nso
33182,ssw
33183,ssw
33184,sot
33185,sot
33186,zul
33187,nbl
33188,zul
33189,nbl
33190,xho
33191,tso
33192,sot
33193,afr
33194,zul
33195,sot
33196,sot
33197,nbl
33198,xho
33199,eng
33200,nso
33201,afr
33202,nbl
33203,ven
33204,nbl
33205,afr
33206,xho
33207,ven
33208,tsn
33209,ssw
33210,zul
33211,tso
33212,afr
33213,nbl
33214,ven
33215,afr
33216,afr
33217,tso
33218,afr
33219,eng
33220,tso
33221,ven
33222,afr
33223,eng
33224,eng
33225,tsn
33226,nso
33227,eng
33228,xho
33229,nso
33230,nbl
33231,ven
33232,ven
33233,sot
33234,xho
33235,xho
33236,sot
33237,tso
33238,sot
33239,nso
33240,afr
33241,ssw
33242,ssw
33243,nbl
33244,ssw
33245,nso
33246,nso
33247,nso
33248,nbl
33249,ssw
33250,zul
33251,sot
33252,sot
33253,afr
33254,nbl
33255,zul
33256,nso
33257,tsn
33258,ssw
33259,tsn
33260,zul
33261,ssw
33262,nbl
33263,sot
33264,nbl
33265,xho
33266,ven
33267,ssw
33268,zul
33269,afr
33270,nso
33271,afr
33272,ssw
33273,nso
33274,ssw
33275,sot
33276,ven
33277,ssw
33278,sot
33279,ssw
33280,xho
33281,nso
33282,zul
33283,nbl
33284,eng
33285,nbl
33286,nso
33287,zul
33288,xho
33289,sot
33290,nso
33291,nso
33292,tso
33293,nso
33294,ssw
33295,xho
33296,nso
33297,xho
33298,zul
33299,sot
33300,zul
33301,afr
33302,xho
33303,ssw
33304,nso
33305,eng
33306,nso
33307,sot
33308,ven
33309,xho
33310,ssw
33311,zul
33312,tso
33313,xho
33314,afr
33315,nso
33316,afr
33317,nso
33318,ven
33319,ven
33320,xho
33321,xho
33322,sot
33323,nso
33324,xho
33325,afr
33326,xho
33327,tsn
33328,ven
33329,afr
33330,nbl
33331,xho
33332,ssw
33333,ssw
33334,sot
33335,afr
33336,afr
33337,ven
33338,tso
33339,sot
33340,nso
33341,ssw
33342,xho
33343,ven
33344,tso
33345,tsn
33346,tso
33347,tso
33348,xho
33349,afr
33350,xho
33351,afr
33352,nso
33353,nso
33354,sot
33355,ssw
33356,ven
33357,nso
33358,tsn
33359,zul
33360,afr
33361,tso
33362,ssw
33363,tso
33364,tso
33365,xho
33366,zul
33367,xho
33368,eng
33369,afr
33370,nbl
33371,afr
33372,ven
33373,xho
33374,ven
33375,tsn
33376,nso
33377,zul
33378,nso
33379,nso
33380,tso
33381,tsn
33382,xho
33383,tsn
33384,afr
33385,xho
33386,xho
33387,sot
33388,zul
33389,sot
33390,nso
33391,afr
33392,ssw
33393,nso
33394,nbl
33395,nso
33396,xho
33397,sot
33398,afr
33399,zul
33400,sot
33401,tso
33402,nso
33403,nso
33404,eng
33405,nso
33406,eng
33407,nbl
33408,tso
33409,zul
33410,xho
33411,ssw
33412,nso
33413,nso
33414,xho
33415,nso
33416,xho
33417,tso
33418,tso
33419,tso
33420,tsn
33421,ven
33422,ven
33423,xho
33424,ven
33425,afr
33426,sot
33427,nbl
33428,zul
33429,zul
33430,nso
33431,afr
33432,tsn
33433,tsn
33434,afr
33435,ven
33436,afr
33437,tso
33438,xho
33439,ven
33440,nso
33441,xho
33442,sot
33443,xho
33444,ssw
33445,xho
33446,tso
33447,zul
33448,tsn
33449,nbl
33450,ssw
33451,nbl
33452,ven
33453,eng
33454,tsn
33455,ven
33456,tsn
33457,afr
33458,sot
33459,ssw
33460,ven
33461,afr
33462,xho
33463,sot
33464,ven
33465,xho
33466,ssw
33467,xho
33468,zul
33469,zul
33470,ssw
33471,xho
33472,afr
33473,afr
33474,nso
33475,xho
33476,xho
33477,nso
33478,sot
33479,tso
33480,zul
33481,tso
33482,afr
33483,nbl
33484,ssw
33485,ssw
33486,eng
33487,ven
33488,nso
33489,nso
33490,nso
33491,nso
33492,ssw
33493,ven
33494,nso
33495,ven
33496,ven
33497,ven
33498,zul
33499,ven
33500,nbl
33501,xho
33502,nbl
33503,tsn
33504,nso
33505,afr
33506,ssw
33507,sot
33508,afr
33509,afr
33510,afr
33511,nbl
33512,eng
33513,tsn
33514,afr
33515,tsn
33516,eng
33517,xho
33518,tso
33519,ven
33520,ssw
33521,xho
33522,ven
33523,tsn
33524,afr
33525,ven
33526,nbl
33527,xho
33528,sot
33529,nso
33530,nso
33531,ssw
33532,tsn
33533,tsn
33534,ssw
33535,tso
33536,tsn
33537,xho
33538,ven
33539,xho
33540,xho
33541,zul
33542,tso
33543,ssw
33544,ssw
33545,tso
33546,xho
33547,eng
33548,nso
33549,xho
33550,tsn
33551,eng
33552,zul
33553,ssw
33554,ven
33555,ssw
33556,sot
33557,ven
33558,afr
33559,nbl
33560,tsn
33561,xho
33562,afr
33563,zul
33564,ssw
33565,xho
33566,xho
33567,tsn
33568,ssw
33569,afr
33570,ssw
33571,tsn
33572,sot
33573,ssw
33574,tsn
33575,tsn
33576,nbl
33577,nbl
33578,afr
33579,ssw
33580,xho
33581,sot
33582,xho
33583,ven
33584,afr
33585,ven
33586,eng
33587,eng
33588,afr
33589,afr
33590,xho
33591,sot
33592,ven
33593,afr
33594,nso
33595,ven
33596,ssw
33597,ven
33598,ven
33599,afr
33600,zul
33601,afr
33602,nso
33603,nso
33604,tso
33605,ven
33606,nso
33607,afr
33608,ssw
33609,ven
33610,tsn
33611,sot
33612,ssw
33613,xho
33614,afr
33615,tso
33616,nso
33617,ven
33618,xho
33619,tso
33620,tso
33621,nbl
33622,xho
33623,xho
33624,nso
33625,zul
33626,xho
33627,ven
33628,ven
33629,zul
33630,ssw
33631,xho
33632,ssw
33633,sot
33634,afr
33635,xho
33636,nbl
33637,eng
33638,sot
33639,tsn
33640,ven
33641,tso
33642,tsn
33643,tso
33644,tsn
33645,afr
33646,xho
33647,afr
33648,tso
33649,sot
33650,ssw
33651,ssw
33652,ven
33653,nso
33654,ven
33655,afr
33656,sot
33657,sot
33658,sot
33659,zul
33660,xho
33661,afr
33662,tsn
33663,tso
33664,ven
33665,nbl
33666,sot
33667,xho
33668,sot
33669,nbl
33670,nso
33671,afr
33672,tso
33673,tsn
33674,xho
33675,nbl
33676,afr
33677,afr
33678,ssw
33679,nso
33680,xho
33681,xho
33682,ssw
33683,tsn
33684,sot
33685,xho
33686,nbl
33687,afr
33688,nso
33689,afr
33690,eng
33691,afr
33692,tsn
33693,afr
33694,ssw
33695,zul
33696,tso
33697,nso
33698,tsn
33699,nbl
33700,sot
33701,tso
33702,tsn
33703,xho
33704,sot
33705,tsn
33706,xho
33707,nso
33708,ssw
33709,nso
33710,sot
33711,tsn
33712,ssw
33713,tso
33714,ven
33715,sot
33716,tso
33717,tso
33718,afr
33719,eng
33720,ven
33721,afr
33722,xho
33723,sot
33724,nbl
33725,ssw
33726,nso
33727,nbl
33728,sot
33729,ssw
33730,xho
33731,sot
33732,sot
33733,tsn
33734,eng
33735,afr
33736,ssw
33737,eng
33738,afr
33739,ven
33740,afr
33741,sot
33742,tsn
33743,tsn
33744,eng
33745,tsn
33746,ssw
33747,tso
33748,ven
33749,zul
33750,ssw
33751,afr
33752,xho
33753,tsn
33754,eng
33755,nso
33756,nbl
33757,tso
33758,tso
33759,ssw
33760,afr
33761,tsn
33762,nso
33763,ven
33764,xho
33765,nso
33766,nso
33767,nso
33768,sot
33769,ssw
33770,eng
33771,tsn
33772,ven
33773,afr
33774,eng
33775,tso
33776,nso
33777,ssw
33778,afr
33779,tsn
33780,nbl
33781,zul
33782,afr
33783,nso
33784,sot
33785,afr
33786,xho
33787,nso
33788,nso
33789,tso
33790,zul
33791,xho
33792,nbl
33793,tso
33794,eng
33795,xho
33796,tsn
33797,xho
33798,tsn
33799,ssw
33800,ssw
33801,afr
33802,nso
33803,nso
33804,xho
33805,tso
33806,tsn
33807,afr
33808,ssw
33809,zul
33810,eng
33811,nso
33812,zul
33813,ven
33814,nbl
33815,nso
33816,xho
33817,tsn
33818,afr
33819,nbl
33820,afr
33821,ven
33822,nso
33823,ssw
33824,nso
33825,sot
33826,ven
33827,nso
33828,ven
33829,ssw
33830,nso
33831,xho
33832,ssw
33833,ssw
33834,eng
33835,xho
33836,afr
33837,afr
33838,tsn
33839,nso
33840,ssw
33841,ven
33842,ssw
33843,tsn
33844,xho
33845,ven
33846,ven
33847,xho
33848,sot
33849,ven
33850,tsn
33851,zul
33852,ven
33853,nbl
33854,ven
33855,sot
33856,afr
33857,nbl
33858,xho
33859,afr
33860,nbl
33861,tsn
33862,ven
33863,tsn
33864,xho
33865,xho
33866,ssw
33867,afr
33868,nso
33869,ven
33870,xho
33871,nbl
33872,ven
33873,tso
33874,nso
33875,sot
33876,xho
33877,ssw
33878,xho
33879,xho
33880,ssw
33881,afr
33882,ven
33883,nso
33884,xho
33885,nbl
33886,xho
33887,nso
33888,afr
33889,afr
33890,sot
33891,tsn
33892,tso
33893,tsn
33894,afr
33895,sot
33896,ven
33897,zul
33898,eng
33899,nbl
33900,zul
33901,xho
33902,xho
33903,ssw
33904,sot
33905,ven
33906,xho
33907,xho
33908,ssw
33909,ven
33910,nbl
33911,eng
33912,afr
33913,nso
33914,nso
33915,nso
33916,ven
33917,ssw
33918,nso
33919,ven
33920,sot
33921,afr
33922,ssw
33923,afr
33924,sot
33925,ven
33926,sot
33927,ssw
33928,afr
33929,xho
33930,ssw
33931,tso
33932,ven
33933,tsn
33934,tso
33935,xho
33936,nbl
33937,sot
33938,nso
33939,tso
33940,afr
33941,tsn
33942,tso
33943,tsn
33944,nso
33945,afr
33946,ven
33947,nso
33948,ven
33949,tsn
33950,ssw
33951,ssw
33952,sot
33953,zul
33954,eng
33955,sot
33956,xho
33957,ssw
33958,ven
33959,ssw
33960,nso
33961,tso
33962,ssw
33963,tso
33964,afr
33965,tsn
33966,afr
33967,tso
33968,tsn
33969,zul
33970,ssw
33971,ven
33972,nso
33973,zul
33974,sot
33975,nso
33976,nso
33977,ssw
33978,tsn
33979,zul
33980,tso
33981,xho
33982,afr
33983,ssw
33984,ssw
33985,ssw
33986,ven
33987,xho
33988,afr
33989,ven
33990,nbl
33991,xho
33992,ssw
33993,ven
33994,afr
33995,ven
33996,nso
33997,afr
33998,ssw
33999,afr
34000,xho
34001,tso
34002,tsn
34003,sot
34004,afr
34005,xho
34006,sot
34007,ssw
34008,zul
34009,xho
34010,xho
34011,ssw
34012,ven
34013,xho
34014,afr
34015,tsn
34016,sot
34017,afr
34018,xho
34019,tso
34020,tsn
34021,nso
34022,afr
34023,tso
34024,nbl
34025,afr
34026,sot
34027,afr
34028,ssw
34029,xho
34030,ssw
34031,sot
34032,nbl
34033,tso
34034,sot
34035,nso
34036,tso
34037,nso
34038,nso
34039,afr
34040,tso
34041,afr
34042,ssw
34043,nso
34044,tso
34045,afr
34046,xho
34047,eng
34048,sot
34049,ssw
34050,zul
34051,nso
34052,nso
34053,ssw
34054,nso
34055,eng
34056,sot
34057,sot
34058,ssw
34059,ssw
34060,eng
34061,xho
34062,xho
34063,nso
34064,tsn
34065,zul
34066,tso
34067,ssw
34068,nbl
34069,tsn
34070,tsn
34071,sot
34072,tso
34073,eng
34074,tsn
34075,sot
34076,zul
34077,xho
34078,ssw
34079,sot
34080,ssw
34081,ven
34082,xho
34083,tsn
34084,zul
34085,sot
34086,ven
34087,tsn
34088,nso
34089,ssw
34090,tso
34091,xho
34092,ven
34093,tso
34094,xho
34095,xho
34096,ven
34097,tso
34098,ssw
34099,sot
34100,xho
34101,zul
34102,zul
34103,sot
34104,nso
34105,xho
34106,nso
34107,nso
34108,ven
34109,ven
34110,xho
34111,nbl
34112,tso
34113,tso
34114,afr
34115,afr
34116,afr
34117,tso
34118,tsn
34119,ven
34120,nso
34121,tsn
34122,nso
34123,ssw
34124,tsn
34125,tso
34126,ven
34127,tso
34128,afr
34129,tso
34130,sot
34131,afr
34132,afr
34133,xho
34134,tsn
34135,xho
34136,nbl
34137,zul
34138,ven
34139,eng
34140,tso
34141,afr
34142,zul
34143,tso
34144,tso
34145,ven
34146,ven
34147,tsn
34148,nso
34149,nso
34150,ven
34151,xho
34152,nso
34153,xho
34154,tsn
34155,xho
34156,sot
34157,nso
34158,tso
34159,ssw
34160,sot
34161,xho
34162,ssw
34163,tso
34164,eng
34165,xho
34166,xho
34167,nbl
34168,tso
34169,xho
34170,tsn
34171,tsn
34172,eng
34173,nbl
34174,eng
34175,ssw
34176,nso
34177,nbl
34178,eng
34179,zul
34180,ssw
34181,nso
34182,nso
34183,nso
34184,nso
34185,afr
34186,ven
34187,sot
34188,nso
34189,nso
34190,nso
34191,ven
34192,eng
34193,xho
34194,nso
34195,afr
34196,zul
34197,sot
34198,zul
34199,zul
34200,tso
34201,tso
34202,nso
34203,xho
34204,tsn
34205,afr
34206,xho
34207,nso
34208,nso
34209,afr
34210,sot
34211,nso
34212,xho
34213,ssw
34214,eng
34215,xho
34216,afr
34217,ssw
34218,ssw
34219,afr
34220,tso
34221,nso
34222,afr
34223,zul
34224,ssw
34225,zul
34226,tso
34227,nbl
34228,eng
34229,nbl
34230,ssw
34231,xho
34232,ven
34233,tsn
34234,sot
34235,ven
34236,afr
34237,afr
34238,zul
34239,sot
34240,afr
34241,ssw
34242,afr
34243,ssw
34244,ssw
34245,sot
34246,eng
34247,sot
34248,ssw
34249,nso
34250,ssw
34251,zul
34252,nso
34253,tso
34254,nso
34255,ven
34256,nso
34257,sot
34258,xho
34259,ssw
34260,afr
34261,tsn
34262,ssw
34263,nbl
34264,afr
34265,nbl
34266,tso
34267,nso
34268,nbl
34269,ven
34270,zul
34271,nso
34272,ven
34273,ssw
34274,ssw
34275,afr
34276,xho
34277,xho
34278,eng
34279,tso
34280,xho
34281,eng
34282,nbl
34283,ven
34284,afr
34285,tsn
34286,nso
34287,nbl
34288,sot
34289,afr
34290,afr
34291,afr
34292,xho
34293,ven
34294,afr
34295,ven
34296,xho
34297,sot
34298,nso
34299,nso
34300,nbl
34301,ssw
34302,ssw
34303,ven
34304,sot
34305,nso
34306,afr
34307,ssw
34308,afr
34309,sot
34310,nso
34311,xho
34312,nso
34313,zul
34314,tso
34315,nbl
34316,ssw
34317,nbl
34318,nso
34319,sot
34320,afr
34321,nso
34322,afr
34323,ven
34324,sot
34325,afr
34326,afr
34327,tso
34328,sot
34329,tsn
34330,ssw
34331,zul
34332,tso
34333,ssw
34334,ssw
34335,ssw
34336,nbl
34337,sot
34338,afr
34339,nso
34340,ven
34341,sot
34342,nso
34343,nso
34344,ssw
34345,nbl
34346,ssw
34347,nso
34348,nso
34349,tso
34350,tso
34351,xho
34352,sot
34353,ssw
34354,ven
34355,xho
34356,nbl
34357,sot
34358,zul
34359,xho
34360,xho
34361,xho
34362,tsn
34363,afr
34364,sot
34365,ven
34366,nso
34367,tso
34368,tso
34369,nso
34370,eng
34371,ven
34372,xho
34373,xho
34374,ssw
34375,ven
34376,xho
34377,tsn
34378,sot
34379,nbl
34380,ven
34381,ssw
34382,ven
34383,tsn
34384,sot
34385,xho
34386,ven
34387,ven
34388,tsn
34389,afr
34390,ssw
34391,afr
34392,ven
34393,tso
34394,nso
34395,nbl
34396,xho
34397,tso
34398,tsn
34399,nso
34400,zul
34401,tsn
34402,afr
34403,afr
34404,tsn
34405,nso
34406,sot
34407,xho
34408,tso
34409,afr
34410,zul
34411,nso
34412,tso
34413,sot
34414,afr
34415,tso
34416,nso
34417,nso
34418,zul
34419,nso
34420,tsn
34421,tsn
34422,afr
34423,tsn
34424,ven
34425,xho
34426,tsn
34427,ven
34428,nso
34429,xho
34430,afr
34431,ven
34432,tso
34433,sot
34434,tso
34435,nbl
34436,nbl
34437,nso
34438,ven
34439,nso
34440,ssw
34441,zul
34442,ssw
34443,nso
34444,ssw
34445,afr
34446,ssw
34447,sot
34448,xho
34449,ssw
34450,ven
34451,nbl
34452,nbl
34453,ven
34454,nso
34455,zul
34456,ssw
34457,ven
34458,afr
34459,nbl
34460,xho
34461,afr
34462,zul
34463,ven
34464,eng
34465,ssw
34466,afr
34467,tsn
34468,ssw
34469,xho
34470,xho
34471,afr
34472,zul
34473,tso
34474,nbl
34475,sot
34476,nso
34477,ven
34478,afr
34479,xho
34480,afr
34481,afr
34482,afr
34483,nbl
34484,sot
34485,sot
34486,tso
34487,zul
34488,afr
34489,ssw
34490,ssw
34491,ssw
34492,tsn
34493,ssw
34494,ven
34495,xho
34496,sot
34497,afr
34498,ssw
34499,ven
34500,eng
34501,ssw
34502,ssw
34503,nso
34504,nso
34505,ven
34506,ssw
34507,ven
34508,sot
34509,tsn
34510,ven
34511,zul
34512,ven
34513,ssw
34514,eng
34515,xho
34516,xho
34517,tsn
34518,ven
34519,sot
34520,tso
34521,sot
34522,afr
34523,eng
34524,tso
34525,sot
34526,zul
34527,tsn
34528,eng
34529,afr
34530,ssw
34531,ssw
34532,ssw
34533,tsn
34534,ven
34535,sot
34536,nso
34537,afr
34538,tso
34539,sot
34540,ven
34541,nbl
34542,ssw
34543,zul
34544,ssw
34545,xho
34546,afr
34547,ssw
34548,tsn
34549,ven
34550,sot
34551,eng
34552,ven
34553,sot
34554,ven
34555,xho
34556,xho
34557,zul
34558,nbl
34559,xho
34560,nbl
34561,tsn
34562,ven
34563,tsn
34564,ven
34565,ssw
34566,tso
34567,ssw
34568,nso
34569,xho
34570,zul
34571,xho
34572,ssw
34573,nbl
34574,ven
34575,ssw
34576,xho
34577,afr
34578,ssw
34579,nbl
34580,eng
34581,nso
34582,ssw
34583,zul
34584,sot
34585,nbl
34586,tsn
34587,ven
34588,zul
34589,sot
34590,eng
34591,nso
34592,nso
34593,xho
34594,ssw
34595,nso
34596,nbl
34597,zul
34598,ssw
34599,zul
34600,xho
34601,zul
34602,zul
34603,xho
34604,ssw
34605,ssw
34606,tso
34607,zul
34608,tsn
34609,nbl
34610,ssw
34611,zul
34612,nso
34613,zul
34614,nso
34615,sot
34616,tso
34617,zul
34618,zul
34619,nbl
34620,nso
34621,ssw
34622,ssw
34623,ssw
34624,zul
34625,tso
34626,zul
34627,ssw
34628,afr
34629,xho
34630,eng
34631,xho
34632,nbl
34633,xho
34634,sot
34635,zul
34636,ven
34637,zul
34638,sot
34639,afr
34640,nbl
34641,tso
34642,eng
34643,afr
34644,ven
34645,tso
34646,nso
34647,xho
34648,ssw
34649,ssw
34650,tso
34651,nso
34652,xho
34653,nso
34654,ven
34655,tsn
34656,tso
34657,afr
34658,afr
34659,xho
34660,tso
34661,afr
34662,nbl
34663,sot
34664,nbl
34665,tsn
34666,afr
34667,ssw
34668,nso
34669,sot
34670,afr
34671,xho
34672,ven
34673,ven
34674,afr
34675,zul
34676,afr
34677,nso
34678,ssw
34679,tsn
34680,tso
34681,sot
34682,afr
34683,ven
34684,sot
34685,sot
34686,ven
34687,nso
34688,afr
34689,ssw
34690,afr
34691,zul
34692,tso
34693,sot
34694,sot
34695,afr
34696,nbl
34697,nbl
34698,tso
34699,tsn
34700,xho
34701,ven
34702,zul
34703,tsn
34704,nso
34705,zul
34706,sot
34707,zul
34708,ssw
34709,afr
34710,ssw
34711,afr
34712,tsn
34713,xho
34714,ven
34715,afr
34716,tsn
34717,nbl
34718,zul
34719,ssw
34720,xho
34721,ven
34722,tsn
34723,ven
34724,sot
34725,ven
34726,nso
34727,zul
34728,ven
34729,nbl
34730,ven
34731,afr
34732,eng
34733,ssw
34734,ssw
34735,ssw
34736,ven
34737,xho
34738,ven
34739,ven
34740,xho
34741,xho
34742,xho
34743,tsn
34744,sot
34745,ssw
34746,sot
34747,ssw
34748,nso
34749,nso
34750,sot
34751,zul
34752,tso
34753,afr
34754,ven
34755,ven
34756,ven
34757,tso
34758,afr
34759,nso
34760,tsn
34761,ssw
34762,xho
34763,nso
34764,ssw
34765,ssw
34766,afr
34767,nbl
34768,ssw
34769,zul
34770,sot
34771,sot
34772,ven
34773,nbl
34774,ssw
34775,tso
34776,ven
34777,tso
34778,sot
34779,zul
34780,tso
34781,ven
34782,nso
34783,nso
34784,tso
34785,zul
34786,nbl
34787,xho
34788,tsn
34789,xho
34790,afr
34791,tsn
34792,nso
34793,tsn
34794,ssw
34795,zul
34796,ssw
34797,xho
34798,zul
34799,eng
34800,zul
34801,ven
34802,nso
34803,sot
34804,sot
34805,nbl
34806,ven
34807,tsn
34808,nbl
34809,ven
34810,ven
34811,ssw
34812,ssw
34813,ven
34814,sot
34815,tso
34816,xho
34817,nso
34818,zul
34819,xho
34820,afr
34821,nbl
34822,afr
34823,tsn
34824,afr
34825,ssw
34826,tsn
34827,xho
34828,ssw
34829,afr
34830,tso
34831,tso
34832,sot
34833,nso
34834,nbl
34835,ssw
34836,ssw
34837,tsn
34838,afr
34839,tso
34840,xho
34841,nso
34842,nbl
34843,afr
34844,xho
34845,nbl
34846,ssw
34847,nso
34848,tsn
34849,ssw
34850,nso
34851,nso
34852,afr
34853,nso
34854,sot
34855,afr
34856,nbl
34857,zul
34858,nso
34859,sot
34860,nbl
34861,nbl
34862,ssw
34863,ssw
34864,eng
34865,ven
34866,zul
34867,xho
34868,zul
34869,ssw
34870,zul
34871,sot
34872,nbl
34873,ven
34874,tso
34875,tsn
34876,ven
34877,ssw
34878,xho
34879,tso
34880,sot
34881,ven
34882,nso
34883,ven
34884,ven
34885,ssw
34886,sot
34887,nso
34888,sot
34889,ven
34890,tsn
34891,eng
34892,nbl
34893,nbl
34894,afr
34895,ssw
34896,sot
34897,ven
34898,nso
34899,sot
34900,xho
34901,ven
34902,tsn
34903,tsn
34904,tsn
34905,tsn
34906,tsn
34907,ven
34908,ssw
34909,nbl
34910,nso
34911,ven
34912,afr
34913,afr
34914,afr
34915,xho
34916,ssw
34917,nbl
34918,tso
34919,nbl
34920,nbl
34921,nso
34922,sot
34923,zul
34924,xho
34925,sot
34926,ven
34927,afr
34928,ven
34929,sot
34930,tsn
34931,sot
34932,ven
34933,xho
34934,zul
34935,ssw
34936,xho
34937,nso
34938,afr
34939,afr
34940,xho
34941,tsn
34942,nbl
34943,xho
34944,zul
34945,ven
34946,nso
34947,nbl
34948,xho
34949,nso
34950,afr
34951,nso
34952,nso
34953,ssw
34954,nbl
34955,ssw
34956,nbl
34957,ven
34958,tsn
34959,afr
34960,ven
34961,afr
34962,tso
34963,ssw
34964,ssw
34965,ssw
34966,ssw
34967,nso
34968,tsn
34969,afr
34970,xho
34971,sot
34972,ssw
34973,zul
34974,tsn
34975,nso
34976,xho
34977,afr
34978,nso
34979,sot
34980,nso
34981,tsn
34982,nso
34983,tsn
34984,ssw
34985,tso
34986,nso
34987,xho
34988,sot
34989,ssw
34990,ssw
34991,tso
34992,tso
34993,nso
34994,ven
34995,ven
34996,zul
34997,eng
34998,xho
34999,xho
35000,ven
35001,ven
35002,nso
35003,xho
35004,ssw
35005,ssw
35006,tso
35007,xho
35008,sot
35009,tsn
35010,ssw
35011,zul
35012,ven
35013,afr
35014,zul
35015,nso
35016,xho
35017,afr
35018,ssw
35019,zul
35020,sot
35021,tsn
35022,tso
35023,nbl
35024,ssw
35025,xho
35026,nso
35027,nso
35028,xho
35029,tso
35030,nso
35031,xho
35032,ven
35033,ven
35034,tsn
35035,tso
35036,sot
35037,tso
35038,xho
35039,sot
35040,afr
35041,nso
35042,nso
35043,zul
35044,nso
35045,nso
35046,sot
35047,nso
35048,afr
35049,afr
35050,ssw
35051,eng
35052,nso
35053,tsn
35054,nso
35055,afr
35056,eng
35057,nso
35058,tso
35059,afr
35060,tso
35061,xho
35062,tso
35063,zul
35064,eng
35065,ssw
35066,ven
35067,tsn
35068,xho
35069,xho
35070,nso
35071,nso
35072,sot
35073,nso
35074,ven
35075,eng
35076,afr
35077,ven
35078,zul
35079,ssw
35080,afr
35081,sot
35082,afr
35083,eng
35084,xho
35085,nbl
35086,sot
35087,xho
35088,sot
35089,ssw
35090,nbl
35091,sot
35092,ven
35093,nbl
35094,xho
35095,tsn
35096,xho
35097,ven
35098,tso
35099,sot
35100,nso
35101,xho
35102,eng
35103,tso
35104,ssw
35105,xho
35106,zul
35107,ven
35108,tso
35109,xho
35110,zul
35111,afr
35112,afr
35113,ssw
35114,nso
35115,nbl
35116,nso
35117,tsn
35118,nbl
35119,xho
35120,sot
35121,ssw
35122,ven
35123,ssw
35124,sot
35125,afr
35126,afr
35127,tso
35128,nbl
35129,tso
35130,sot
35131,nso
35132,nso
35133,nso
35134,sot
35135,tso
35136,afr
35137,eng
35138,sot
35139,afr
35140,nso
35141,sot
35142,ssw
35143,tso
35144,ven
35145,afr
35146,sot
35147,tso
35148,zul
35149,ssw
35150,xho
35151,tso
35152,ven
35153,nso
35154,zul
35155,ssw
35156,xho
35157,nbl
35158,nso
35159,zul
35160,afr
35161,nso
35162,xho
35163,xho
35164,xho
35165,ven
35166,xho
35167,tso
35168,nbl
35169,nso
35170,ssw
35171,tso
35172,tsn
35173,nso
35174,ven
35175,afr
35176,ven
35177,ven
35178,nso
35179,ssw
35180,xho
35181,tso
35182,tso
35183,xho
35184,sot
35185,nso
35186,tsn
35187,ssw
35188,nbl
35189,ssw
35190,ssw
35191,afr
35192,sot
35193,tso
35194,ven
35195,nso
35196,tso
35197,tso
35198,afr
35199,xho
35200,xho
35201,afr
35202,ssw
35203,sot
35204,nbl
35205,nso
35206,xho
35207,xho
35208,tsn
35209,ssw
35210,afr
35211,ssw
35212,ven
35213,tsn
35214,nso
35215,ssw
35216,tso
35217,afr
35218,tsn
35219,xho
35220,nso
35221,xho
35222,nso
35223,nbl
35224,ssw
35225,sot
35226,zul
35227,ssw
35228,nbl
35229,afr
35230,tsn
35231,ssw
35232,eng
35233,eng
35234,zul
35235,afr
35236,zul
35237,zul
35238,xho
35239,ssw
35240,eng
35241,ven
35242,afr
35243,zul
35244,xho
35245,ssw
35246,xho
35247,xho
35248,xho
35249,xho
35250,tsn
35251,nbl
35252,nso
35253,eng
35254,nso
35255,nbl
35256,sot
35257,sot
35258,tsn
35259,ssw
35260,ven
35261,ven
35262,nso
35263,nso
35264,afr
35265,tso
35266,sot
35267,afr
35268,ven
35269,sot
35270,sot
35271,sot
35272,nso
35273,xho
35274,nso
35275,tsn
35276,sot
35277,afr
35278,ssw
35279,nbl
35280,ven
35281,tso
35282,eng
35283,nbl
35284,ssw
35285,zul
35286,nso
35287,eng
35288,nso
35289,tso
35290,tso
35291,afr
35292,xho
35293,nso
35294,ssw
35295,xho
35296,afr
35297,sot
35298,sot
35299,ven
35300,sot
35301,afr
35302,xho
35303,tsn
35304,afr
35305,ssw
35306,ssw
35307,afr
35308,nso
35309,zul
35310,zul
35311,sot
35312,ven
35313,nso
35314,nso
35315,afr
35316,xho
35317,xho
35318,sot
35319,afr
35320,sot
35321,sot
35322,xho
35323,tso
35324,ven
35325,ssw
35326,nso
35327,ssw
35328,ssw
35329,zul
35330,nso
35331,tsn
35332,nso
35333,nso
35334,ssw
35335,ven
35336,xho
35337,tsn
35338,nso
35339,tsn
35340,ssw
35341,tsn
35342,ssw
35343,xho
35344,nso
35345,sot
35346,ven
35347,ssw
35348,nbl
35349,xho
35350,nbl
35351,sot
35352,afr
35353,zul
35354,ssw
35355,nso
35356,zul
35357,ven
35358,nso
35359,nbl
35360,xho
35361,nbl
35362,nso
35363,xho
35364,ssw
35365,zul
35366,nso
35367,sot
35368,afr
35369,zul
35370,nso
35371,afr
35372,xho
35373,zul
35374,ssw
35375,nbl
35376,afr
35377,tso
35378,afr
35379,tso
35380,ven
35381,zul
35382,ssw
35383,afr
35384,nso
35385,nso
35386,ven
35387,ssw
35388,ssw
35389,ssw
35390,zul
35391,xho
35392,xho
35393,ssw
35394,eng
35395,sot
35396,nso
35397,afr
35398,ven
35399,sot
35400,xho
35401,tsn
35402,ven
35403,afr
35404,afr
35405,ssw
35406,afr
35407,afr
35408,ssw
35409,ssw
35410,afr
35411,afr
35412,sot
35413,nso
35414,nso
35415,tsn
35416,ven
35417,ssw
35418,ven
35419,sot
35420,ven
35421,nso
35422,tso
35423,tsn
35424,afr
35425,ven
35426,afr
35427,sot
35428,tsn
35429,nso
35430,tso
35431,xho
35432,ssw
35433,ssw
35434,nso
35435,xho
35436,xho
35437,nbl
35438,ven
35439,xho
35440,xho
35441,zul
35442,xho
35443,nso
35444,nbl
35445,afr
35446,nso
35447,ssw
35448,nbl
35449,afr
35450,nso
35451,afr
35452,nbl
35453,eng
35454,ven
35455,sot
35456,xho
35457,nbl
35458,sot
35459,ssw
35460,afr
35461,nso
35462,nso
35463,xho
35464,zul
35465,nbl
35466,ven
35467,afr
35468,tso
35469,xho
35470,afr
35471,nbl
35472,ven
35473,ssw
35474,nbl
35475,xho
35476,xho
35477,nso
35478,ven
35479,nbl
35480,ssw
35481,nbl
35482,sot
35483,tso
35484,nbl
35485,ven
35486,xho
35487,xho
35488,nbl
35489,ven
35490,nbl
35491,afr
35492,sot
35493,tsn
35494,nso
35495,tsn
35496,ssw
35497,ssw
35498,ven
35499,xho
35500,ssw
35501,ssw
35502,afr
35503,nbl
35504,nbl
35505,sot
35506,ssw
35507,afr
35508,xho
35509,afr
35510,eng
35511,tso
35512,nso
35513,xho
35514,tsn
35515,nso
35516,ssw
35517,nso
35518,ssw
35519,tsn
35520,sot
35521,afr
35522,ssw
35523,sot
35524,ven
35525,sot
35526,tsn
35527,tso
35528,zul
35529,xho
35530,eng
35531,afr
35532,sot
35533,zul
35534,zul
35535,tso
35536,nso
35537,afr
35538,tso
35539,xho
35540,afr
35541,tsn
35542,ssw
35543,ssw
35544,ven
35545,sot
35546,tso
35547,ven
35548,afr
35549,xho
35550,nso
35551,nso
35552,sot
35553,tso
35554,xho
35555,sot
35556,tsn
35557,nbl
35558,ven
35559,ven
35560,tso
35561,afr
35562,sot
35563,afr
35564,xho
35565,nso
35566,afr
35567,tsn
35568,nso
35569,ven
35570,nso
35571,ven
35572,ven
35573,ssw
35574,ssw
35575,tsn
35576,xho
35577,eng
35578,sot
35579,nso
35580,ven
35581,nso
35582,eng
35583,zul
35584,tso
35585,nso
35586,sot
35587,zul
35588,tso
35589,ssw
35590,ven
35591,tsn
35592,ssw
35593,nbl
35594,tso
35595,xho
35596,afr
35597,ssw
35598,tsn
35599,ven
35600,nso
35601,eng
35602,ven
35603,afr
35604,afr
35605,eng
35606,tsn
35607,ven
35608,tso
35609,zul
35610,tsn
35611,eng
35612,afr
35613,sot
35614,tsn
35615,nbl
35616,xho
35617,afr
35618,xho
35619,ven
35620,tsn
35621,afr
35622,zul
35623,tso
35624,nso
35625,tso
35626,ssw
35627,eng
35628,afr
35629,tsn
35630,xho
35631,xho
35632,ssw
35633,sot
35634,ssw
35635,nbl
35636,ssw
35637,nbl
35638,sot
35639,eng
35640,afr
35641,afr
35642,sot
35643,afr
35644,nso
35645,sot
35646,sot
35647,nso
35648,tsn
35649,xho
35650,eng
35651,eng
35652,eng
35653,zul
35654,xho
35655,xho
35656,ssw
35657,ssw
35658,eng
35659,ssw
35660,zul
35661,ven
35662,ssw
35663,ven
35664,xho
35665,nso
35666,sot
35667,nbl
35668,ssw
35669,nso
35670,ven
35671,ven
35672,nbl
35673,nso
35674,ven
35675,ssw
35676,tso
35677,ssw
35678,zul
35679,eng
35680,afr
35681,xho
35682,sot
35683,ssw
35684,ven
35685,zul
35686,zul
35687,sot
35688,zul
35689,nso
35690,tso
35691,ssw
35692,xho
35693,ssw
35694,ven
35695,afr
35696,xho
35697,ven
35698,sot
35699,ven
35700,xho
35701,afr
35702,xho
35703,ven
35704,tso
35705,nso
35706,sot
35707,sot
35708,xho
35709,afr
35710,nbl
35711,xho
35712,zul
35713,nso
35714,ssw
35715,ssw
35716,sot
35717,sot
35718,xho
35719,afr
35720,sot
35721,tso
35722,nbl
35723,ven
35724,ssw
35725,afr
35726,afr
35727,tso
35728,nbl
35729,nbl
35730,nso
35731,sot
35732,xho
35733,ven
35734,afr
35735,tsn
35736,sot
35737,zul
35738,sot
35739,nbl
35740,ssw
35741,afr
35742,nso
35743,ssw
35744,tsn
35745,xho
35746,afr
35747,tsn
35748,ssw
35749,nso
35750,afr
35751,nso
35752,xho
35753,ven
35754,ven
35755,nso
35756,ven
35757,nso
35758,ssw
35759,tsn
35760,afr
35761,tsn
35762,zul
35763,afr
35764,ssw
35765,nso
35766,sot
35767,sot
35768,sot
35769,tso
35770,eng
35771,xho
35772,afr
35773,sot
35774,afr
35775,tso
35776,xho
35777,afr
35778,afr
35779,nso
35780,ssw
35781,afr
35782,tsn
35783,xho
35784,afr
35785,ven
35786,eng
35787,nbl
35788,ven
35789,ven
35790,nso
35791,afr
35792,ven
35793,ven
35794,tso
35795,tsn
35796,sot
35797,nso
35798,ven
35799,nso
35800,ven
35801,ssw
35802,afr
35803,xho
35804,tsn
35805,sot
35806,xho
35807,ssw
35808,afr
35809,sot
35810,sot
35811,eng
35812,tsn
35813,afr
35814,xho
35815,tsn
35816,eng
35817,ssw
35818,tsn
35819,afr
35820,afr
35821,xho
35822,ssw
35823,tso
35824,nso
35825,nso
35826,nso
35827,afr
35828,tso
35829,sot
35830,xho
35831,nso
35832,xho
35833,nso
35834,zul
35835,afr
35836,eng
35837,tso
35838,nso
35839,xho
35840,nso
35841,ssw
35842,tsn
35843,zul
35844,tsn
35845,afr
35846,nbl
35847,afr
35848,tsn
35849,ssw
35850,ssw
35851,ven
35852,zul
35853,ven
35854,eng
35855,tsn
35856,tso
35857,ssw
35858,tsn
35859,xho
35860,nso
35861,sot
35862,xho
35863,nbl
35864,xho
35865,afr
35866,ssw
35867,xho
35868,afr
35869,ssw
35870,afr
35871,ven
35872,tsn
35873,ven
35874,nso
35875,ven
35876,ssw
35877,nso
35878,xho
35879,tsn
35880,ven
35881,xho
35882,tso
35883,ssw
35884,sot
35885,xho
35886,nso
35887,xho
35888,xho
35889,tso
35890,nso
35891,nso
35892,ssw
35893,ssw
35894,tso
35895,xho
35896,nbl
35897,ssw
35898,ssw
35899,tsn
35900,nso
35901,sot
35902,tso
35903,xho
35904,sot
35905,nso
35906,ssw
35907,xho
35908,afr
35909,tsn
35910,nso
35911,nso
35912,afr
35913,ssw
35914,ven
35915,ven
35916,ssw
35917,xho
35918,afr
35919,ssw
35920,sot
35921,sot
35922,sot
35923,sot
35924,xho
35925,afr
35926,xho
35927,ssw
35928,tso
35929,nso
35930,xho
35931,afr
35932,xho
35933,nbl
35934,nso
35935,nso
35936,sot
35937,tso
35938,nso
35939,afr
35940,nso
35941,xho
35942,afr
35943,ven
35944,sot
35945,sot
35946,afr
35947,nbl
35948,tso
35949,tso
35950,afr
35951,sot
35952,afr
35953,tsn
35954,eng
35955,tsn
35956,zul
35957,tsn
35958,ssw
35959,tsn
35960,eng
35961,afr
35962,ssw
35963,eng
35964,xho
35965,ven
35966,nso
35967,xho
35968,afr
35969,tso
35970,afr
35971,afr
35972,xho
35973,tso
35974,nso
35975,ssw
35976,ssw
35977,tsn
35978,xho
35979,nso
35980,nso
35981,sot
35982,xho
35983,tso
35984,ssw
35985,ssw
35986,afr
35987,tso
35988,xho
35989,ven
35990,ven
35991,ssw
35992,afr
35993,ven
35994,tsn
35995,sot
35996,ssw
35997,zul
35998,ssw
35999,ssw
36000,tso
36001,tsn
36002,ssw
36003,afr
36004,afr
36005,afr
36006,nso
36007,xho
36008,sot
36009,sot
36010,ven
36011,zul
36012,sot
36013,afr
36014,afr
36015,ven
36016,zul
36017,zul
36018,nbl
36019,sot
36020,eng
36021,sot
36022,ssw
36023,nso
36024,xho
36025,afr
36026,tsn
36027,ssw
36028,ven
36029,tso
36030,xho
36031,ssw
36032,tso
36033,afr
36034,ssw
36035,sot
36036,xho
36037,zul
36038,xho
36039,eng
36040,nbl
36041,nso
36042,afr
36043,ven
36044,nbl
36045,zul
36046,ssw
36047,afr
36048,ssw
36049,nso
36050,tsn
36051,ssw
36052,ssw
36053,ven
36054,xho
36055,ssw
36056,nso
36057,ssw
36058,afr
36059,afr
36060,ssw
36061,tso
36062,ven
36063,zul
36064,xho
36065,nso
36066,xho
36067,nso
36068,nso
36069,nso
36070,ssw
36071,afr
36072,afr
36073,zul
36074,afr
36075,tsn
36076,ven
36077,ven
36078,tsn
36079,eng
36080,ven
36081,afr
36082,eng
36083,tso
36084,nso
36085,ven
36086,sot
36087,ven
36088,zul
36089,eng
36090,nbl
36091,nso
36092,sot
36093,ssw
36094,tsn
36095,ven
36096,afr
36097,xho
36098,xho
36099,xho
36100,nso
36101,ssw
36102,eng
36103,sot
36104,nso
36105,tso
36106,nso
36107,tsn
36108,xho
36109,nso
36110,afr
36111,xho
36112,ssw
36113,eng
36114,sot
36115,xho
36116,afr
36117,tso
36118,sot
36119,zul
36120,ven
36121,tsn
36122,xho
36123,sot
36124,ssw
36125,tsn
36126,sot
36127,zul
36128,sot
36129,zul
36130,afr
36131,ven
36132,zul
36133,eng
36134,xho
36135,nso
36136,sot
36137,zul
36138,ven
36139,afr
36140,nso
36141,ssw
36142,afr
36143,ssw
36144,ven
36145,xho
36146,tso
36147,afr
36148,ven
36149,ssw
36150,nso
36151,nso
36152,tsn
36153,xho
36154,ven
36155,xho
36156,afr
36157,xho
36158,ven
36159,tso
36160,eng
36161,xho
36162,tso
36163,zul
36164,nso
36165,ven
36166,ssw
36167,afr
36168,tso
36169,tso
36170,eng
36171,afr
36172,sot
36173,sot
36174,nbl
36175,afr
36176,ven
36177,ven
36178,xho
36179,tso
36180,ssw
36181,ssw
36182,ssw
36183,xho
36184,xho
36185,ven
36186,eng
36187,afr
36188,afr
36189,zul
36190,tsn
36191,tso
36192,zul
36193,nso
36194,xho
36195,ssw
36196,xho
36197,sot
36198,xho
36199,tsn
36200,xho
36201,sot
36202,eng
36203,afr
36204,nso
36205,afr
36206,afr
36207,tso
36208,zul
36209,nso
36210,xho
36211,xho
36212,eng
36213,ssw
36214,xho
36215,ssw
36216,tsn
36217,xho
36218,ssw
36219,ven
36220,xho
36221,tso
36222,ven
36223,ssw
36224,tso
36225,ven
36226,ssw
36227,nso
36228,ven
36229,nso
36230,afr
36231,afr
36232,nbl
36233,nbl
36234,nso
36235,sot
36236,xho
36237,sot
36238,xho
36239,ssw
36240,ven
36241,ven
36242,tso
36243,nbl
36244,zul
36245,sot
36246,nbl
36247,tso
36248,ven
36249,nbl
36250,sot
36251,tsn
36252,nso
36253,nso
36254,xho
36255,ven
36256,tsn
36257,ssw
36258,tsn
36259,sot
36260,ven
36261,nso
36262,tso
36263,tso
36264,ssw
36265,nbl
36266,ssw
36267,ven
36268,xho
36269,tso
36270,nbl
36271,sot
36272,nbl
36273,afr
36274,zul
36275,nso
36276,ssw
36277,xho
36278,ssw
36279,tsn
36280,zul
36281,ssw
36282,tsn
36283,tsn
36284,zul
36285,sot
36286,nbl
36287,zul
36288,xho
36289,tsn
36290,zul
36291,zul
36292,nso
36293,zul
36294,afr
36295,xho
36296,xho
36297,nbl
36298,tsn
36299,sot
36300,afr
36301,nso
36302,nso
36303,afr
36304,tso
36305,eng
36306,tsn
36307,sot
36308,ven
36309,xho
36310,nso
36311,nso
36312,sot
36313,nso
36314,nbl
36315,sot
36316,tsn
36317,ssw
36318,afr
36319,nso
36320,zul
36321,eng
36322,sot
36323,ven
36324,afr
36325,sot
36326,nso
36327,nso
36328,xho
36329,afr
36330,afr
36331,tsn
36332,zul
36333,zul
36334,nbl
36335,xho
36336,ven
36337,xho
36338,ven
36339,nso
36340,xho
36341,tso
36342,tsn
36343,tso
36344,ven
36345,ven
36346,tso
36347,tso
36348,nso
36349,tso
36350,ven
36351,ven
36352,zul
36353,tso
36354,tsn
36355,sot
36356,afr
36357,tso
36358,nso
36359,nso
36360,ssw
36361,zul
36362,ven
36363,nso
36364,ven
36365,ssw
36366,ssw
36367,ven
36368,tso
36369,zul
36370,nbl
36371,ssw
36372,ven
36373,ven
36374,tso
36375,tso
36376,xho
36377,eng
36378,afr
36379,sot
36380,xho
36381,nso
36382,tsn
36383,xho
36384,nso
36385,ssw
36386,ssw
36387,afr
36388,tso
36389,sot
36390,zul
36391,ssw
36392,nso
36393,ven
36394,xho
36395,ven
36396,sot
36397,zul
36398,ssw
36399,tsn
36400,nbl
36401,ven
36402,ven
36403,xho
36404,ssw
36405,nbl
36406,ssw
36407,ssw
36408,nso
36409,xho
36410,ssw
36411,eng
36412,eng
36413,afr
36414,afr
36415,xho
36416,nbl
36417,tsn
36418,nso
36419,ven
36420,nso
36421,ssw
36422,zul
36423,ssw
36424,tsn
36425,nso
36426,ssw
36427,nso
36428,nbl
36429,afr
36430,ssw
36431,ssw
36432,zul
36433,xho
36434,nso
36435,nbl
36436,xho
36437,afr
36438,xho
36439,tso
36440,ven
36441,ssw
36442,ven
36443,ven
36444,tso
36445,ssw
36446,ssw
36447,ssw
36448,sot
36449,nbl
36450,ssw
36451,xho
36452,afr
36453,xho
36454,sot
36455,ssw
36456,ssw
36457,xho
36458,ssw
36459,nbl
36460,xho
36461,ssw
36462,eng
36463,sot
36464,zul
36465,ven
36466,afr
36467,tso
36468,ssw
36469,sot
36470,nbl
36471,zul
36472,afr
36473,tso
36474,xho
36475,afr
36476,afr
36477,tsn
36478,afr
36479,tsn
36480,nso
36481,nbl
36482,nso
36483,xho
36484,sot
36485,xho
36486,ven
36487,nbl
36488,eng
36489,xho
36490,ven
36491,nso
36492,ssw
36493,ssw
36494,nso
36495,xho
36496,nso
36497,tsn
36498,tsn
36499,afr
36500,xho
36501,zul
36502,ven
36503,xho
36504,ven
36505,ven
36506,ven
36507,ven
36508,sot
36509,ven
36510,tsn
36511,zul
36512,nbl
36513,xho
36514,nso
36515,zul
36516,ven
36517,nbl
36518,ven
36519,tso
36520,afr
36521,ven
36522,sot
36523,nbl
36524,tso
36525,nso
36526,xho
36527,zul
36528,nso
36529,afr
36530,ven
36531,xho
36532,nso
36533,ven
36534,tsn
36535,nso
36536,ven
36537,sot
36538,ssw
36539,nso
36540,xho
36541,tsn
36542,ssw
36543,ven
36544,tso
36545,ssw
36546,nso
36547,nso
36548,ssw
36549,eng
36550,eng
36551,ssw
36552,tso
36553,xho
36554,xho
36555,xho
36556,xho
36557,ssw
36558,afr
36559,nso
36560,nso
36561,afr
36562,afr
36563,nso
36564,nso
36565,nso
36566,afr
36567,tso
36568,sot
36569,ssw
36570,xho
36571,nso
36572,afr
36573,tsn
36574,nso
36575,nbl
36576,ven
36577,afr
36578,ven
36579,nso
36580,eng
36581,nso
36582,afr
36583,tso
36584,xho
36585,ssw
36586,ven
36587,xho
36588,afr
36589,tso
36590,ven
36591,nso
36592,ssw
36593,tso
36594,tso
36595,ssw
36596,tso
36597,nso
36598,afr
36599,ssw
36600,sot
36601,tsn
36602,ssw
36603,tso
36604,tso
36605,afr
36606,sot
36607,zul
36608,nso
36609,tsn
36610,tso
36611,eng
36612,sot
36613,afr
36614,ssw
36615,ssw
36616,afr
36617,nbl
36618,ssw
36619,ssw
36620,eng
36621,ven
36622,nso
36623,nbl
36624,xho
36625,sot
36626,nso
36627,afr
36628,sot
36629,nso
36630,afr
36631,sot
36632,afr
36633,eng
36634,tso
36635,eng
36636,ssw
36637,ssw
36638,sot
36639,ven
36640,sot
36641,tso
36642,ssw
36643,afr
36644,afr
36645,sot
36646,sot
36647,xho
36648,xho
36649,eng
36650,tso
36651,nso
36652,nso
36653,tsn
36654,ssw
36655,sot
36656,nso
36657,sot
36658,ssw
36659,zul
36660,nso
36661,sot
36662,zul
36663,nso
36664,sot
36665,nso
36666,ssw
36667,xho
36668,ssw
36669,tso
36670,xho
36671,tso
36672,tsn
36673,nbl
36674,tsn
36675,xho
36676,ssw
36677,zul
36678,xho
36679,ven
36680,nbl
36681,xho
36682,tsn
36683,tso
36684,eng
36685,sot
36686,tsn
36687,ven
36688,sot
36689,sot
36690,tso
36691,xho
36692,nso
36693,xho
36694,sot
36695,sot
36696,ssw
36697,ven
36698,ssw
36699,nbl
36700,ven
36701,xho
36702,tso
36703,nso
36704,ven
36705,tsn
36706,zul
36707,tso
36708,afr
36709,sot
36710,ssw
36711,tso
36712,eng
36713,ssw
36714,xho
36715,nbl
36716,afr
36717,ven
36718,tsn
36719,ssw
36720,xho
36721,xho
36722,zul
36723,ssw
36724,ssw
36725,afr
36726,nso
36727,afr
36728,tsn
36729,sot
36730,ssw
36731,ven
36732,zul
36733,ssw
36734,xho
36735,nso
36736,afr
36737,ssw
36738,ven
36739,tso
36740,tsn
36741,sot
36742,eng
36743,nbl
36744,tsn
36745,zul
36746,zul
36747,nso
36748,ssw
36749,tso
36750,ven
36751,afr
36752,nso
36753,nso
36754,nbl
36755,tsn
36756,sot
36757,sot
36758,ssw
36759,nso
36760,xho
36761,nso
36762,ven
36763,nso
36764,nso
36765,tsn
36766,zul
36767,xho
36768,eng
36769,nso
36770,tsn
36771,xho
36772,eng
36773,sot
36774,afr
36775,ssw
36776,nbl
36777,ssw
36778,ssw
36779,nso
36780,nbl
36781,sot
36782,sot
36783,nso
36784,ssw
36785,afr
36786,zul
36787,xho
36788,zul
36789,xho
36790,afr
36791,zul
36792,tsn
36793,ven
36794,afr
36795,nso
36796,nso
36797,ssw
36798,nbl
36799,ven
36800,xho
36801,afr
36802,ssw
36803,ssw
36804,tso
36805,tsn
36806,sot
36807,ssw
36808,ssw
36809,tsn
36810,sot
36811,nso
36812,ssw
36813,nbl
36814,ssw
36815,nso
36816,ssw
36817,tsn
36818,zul
36819,nso
36820,tsn
36821,ven
36822,eng
36823,nso
36824,xho
36825,xho
36826,sot
36827,afr
36828,tsn
36829,nso
36830,ssw
36831,ssw
36832,nbl
36833,ssw
36834,nso
36835,tsn
36836,nbl
36837,nbl
36838,eng
36839,tsn
36840,nso
36841,ssw
36842,tsn
36843,ven
36844,zul
36845,ven
36846,ven
36847,sot
36848,tsn
36849,nbl
36850,sot
36851,nso
36852,ven
36853,zul
36854,nso
36855,tsn
36856,nso
36857,afr
36858,sot
36859,tso
36860,zul
36861,afr
36862,xho
36863,xho
36864,ssw
36865,afr
36866,afr
36867,nso
36868,ven
36869,tso
36870,nbl
36871,ssw
36872,ssw
36873,ssw
36874,afr
36875,eng
36876,ven
36877,ssw
36878,xho
36879,zul
36880,nso
36881,xho
36882,sot
36883,nso
36884,sot
36885,ven
36886,nso
36887,ssw
36888,sot
36889,afr
36890,zul
36891,nso
36892,sot
36893,sot
36894,nso
36895,ssw
36896,xho
36897,tso
36898,eng
36899,ven
36900,afr
36901,nso
36902,eng
36903,tsn
36904,sot
36905,nso
36906,nso
36907,xho
36908,ssw
36909,ssw
36910,zul
36911,xho
36912,tsn
36913,zul
36914,afr
36915,sot
36916,nbl
36917,nso
36918,nso
36919,tso
36920,ssw
36921,ven
36922,tsn
36923,ven
36924,zul
36925,xho
36926,nso
36927,nso
36928,ssw
36929,zul
36930,ssw
36931,xho
36932,sot
36933,nso
36934,nso
36935,xho
36936,ssw
36937,tso
36938,afr
36939,ven
36940,ssw
36941,ven
36942,zul
36943,tso
36944,ssw
36945,nso
36946,sot
36947,xho
36948,xho
36949,sot
36950,nso
36951,tso
36952,sot
36953,afr
36954,xho
36955,afr
36956,ssw
36957,afr
36958,eng
36959,ven
36960,tso
36961,xho
36962,ven
36963,nso
36964,tsn
36965,xho
36966,sot
36967,xho
36968,zul
36969,nso
36970,xho
36971,xho
36972,nso
36973,sot
36974,ssw
36975,tsn
36976,nso
36977,nso
36978,tsn
36979,nso
36980,tso
36981,ssw
36982,afr
36983,nso
36984,sot
36985,ven
36986,xho
36987,afr
36988,ssw
36989,eng
36990,ven
36991,xho
36992,afr
36993,nbl
36994,ven
36995,ven
36996,tsn
36997,xho
36998,nso
36999,ven
37000,ssw
37001,zul
37002,nbl
37003,tso
37004,zul
37005,nso
37006,ssw
37007,xho
37008,ven
37009,nso
37010,xho
37011,tso
37012,nbl
37013,tsn
37014,tso
37015,nbl
37016,zul
37017,ssw
37018,nbl
37019,ven
37020,xho
37021,afr
37022,nso
37023,tso
37024,ssw
37025,ssw
37026,xho
37027,zul
37028,tso
37029,nbl
37030,tsn
37031,xho
37032,afr
37033,afr
37034,nso
37035,nbl
37036,afr
37037,sot
37038,nbl
37039,sot
37040,ssw
37041,ssw
37042,tsn
37043,xho
37044,ven
37045,ven
37046,ven
37047,sot
37048,xho
37049,ssw
37050,ven
37051,afr
37052,nbl
37053,ven
37054,sot
37055,afr
37056,tsn
37057,ven
37058,ssw
37059,afr
37060,ven
37061,ven
37062,zul
37063,ssw
37064,sot
37065,xho
37066,zul
37067,afr
37068,tso
37069,sot
37070,zul
37071,xho
37072,nso
37073,xho
37074,nso
37075,tsn
37076,ven
37077,xho
37078,afr
37079,sot
37080,xho
37081,afr
37082,sot
37083,nso
37084,tso
37085,afr
37086,tso
37087,sot
37088,xho
37089,tso
37090,ssw
37091,tso
37092,tsn
37093,tsn
37094,xho
37095,afr
37096,tsn
37097,ssw
37098,afr
37099,sot
37100,ssw
37101,ssw
37102,xho
37103,tsn
37104,tsn
37105,xho
37106,ssw
37107,afr
37108,xho
37109,xho
37110,xho
37111,afr
37112,sot
37113,xho
37114,ven
37115,ssw
37116,nso
37117,ssw
37118,ven
37119,ven
37120,afr
37121,nso
37122,zul
37123,ssw
37124,ssw
37125,zul
37126,nso
37127,sot
37128,tsn
37129,nso
37130,xho
37131,afr
37132,nso
37133,nso
37134,tso
37135,afr
37136,sot
37137,eng
37138,ssw
37139,tsn
37140,xho
37141,ssw
37142,nso
37143,sot
37144,xho
37145,ven
37146,nso
37147,ssw
37148,tsn
37149,afr
37150,nso
37151,zul
37152,sot
37153,sot
37154,afr
37155,afr
37156,afr
37157,xho
37158,nbl
37159,afr
37160,xho
37161,nso
37162,zul
37163,tso
37164,tso
37165,ven
37166,tso
37167,xho
37168,nso
37169,tsn
37170,tsn
37171,eng
37172,xho
37173,nbl
37174,xho
37175,ven
37176,sot
37177,tso
37178,tsn
37179,sot
37180,ven
37181,xho
37182,tso
37183,ssw
37184,tsn
37185,sot
37186,sot
37187,sot
37188,afr
37189,nbl
37190,nso
37191,xho
37192,xho
37193,afr
37194,nso
37195,xho
37196,eng
37197,afr
37198,xho
37199,xho
37200,nso
37201,nso
37202,nso
37203,xho
37204,ssw
37205,ven
37206,nso
37207,ssw
37208,zul
37209,ven
37210,tsn
37211,ssw
37212,nbl
37213,xho
37214,ven
37215,tso
37216,tso
37217,ven
37218,xho
37219,zul
37220,nso
37221,nbl
37222,nso
37223,xho
37224,afr
37225,nbl
37226,ssw
37227,nbl
37228,ven
37229,zul
37230,ssw
37231,nso
37232,tso
37233,tsn
37234,ssw
37235,afr
37236,sot
37237,tso
37238,nso
37239,afr
37240,nso
37241,tso
37242,sot
37243,tso
37244,nbl
37245,ven
37246,xho
37247,eng
37248,afr
37249,tsn
37250,nso
37251,tso
37252,ven
37253,xho
37254,ven
37255,tsn
37256,nbl
37257,sot
37258,xho
37259,ven
37260,xho
37261,ven
37262,nso
37263,afr
37264,nso
37265,nso
37266,afr
37267,ssw
37268,zul
37269,xho
37270,afr
37271,ssw
37272,xho
37273,nso
37274,zul
37275,sot
37276,ssw
37277,xho
37278,tsn
37279,zul
37280,ven
37281,sot
37282,ven
37283,eng
37284,ssw
37285,ssw
37286,ssw
37287,xho
37288,xho
37289,zul
37290,ven
37291,ssw
37292,ssw
37293,zul
37294,xho
37295,tso
37296,tsn
37297,tsn
37298,tso
37299,ven
37300,sot
37301,nso
37302,nso
37303,nso
37304,nso
37305,afr
37306,afr
37307,afr
37308,zul
37309,tso
37310,sot
37311,sot
37312,nbl
37313,nbl
37314,afr
37315,ven
37316,tso
37317,tsn
37318,nso
37319,eng
37320,ven
37321,tsn
37322,ssw
37323,eng
37324,xho
37325,nso
37326,xho
37327,sot
37328,ven
37329,nso
37330,xho
37331,ven
37332,nso
37333,xho
37334,nso
37335,eng
37336,sot
37337,ven
37338,ven
37339,eng
37340,ssw
37341,afr
37342,ssw
37343,ssw
37344,tso
37345,ssw
37346,sot
37347,xho
37348,nso
37349,afr
37350,nbl
37351,zul
37352,afr
37353,tso
37354,xho
37355,nso
37356,ssw
37357,ven
37358,nso
37359,afr
37360,nso
37361,sot
37362,afr
37363,xho
37364,sot
37365,afr
37366,zul
37367,nso
37368,nbl
37369,nso
37370,xho
37371,afr
37372,sot
37373,eng
37374,nso
37375,zul
37376,ven
37377,nso
37378,tsn
37379,tsn
37380,ssw
37381,ven
37382,nbl
37383,ven
37384,ssw
37385,ssw
37386,tsn
37387,nso
37388,afr
37389,afr
37390,afr
37391,nso
37392,nbl
37393,xho
37394,zul
37395,xho
37396,afr
37397,eng
37398,tso
37399,afr
37400,nso
37401,afr
37402,nso
37403,ven
37404,afr
37405,nso
37406,nso
37407,ssw
37408,ven
37409,nso
37410,afr
37411,tso
37412,ven
37413,ven
37414,zul
37415,nso
37416,afr
37417,ssw
37418,sot
37419,ssw
37420,ssw
37421,ssw
37422,sot
37423,tsn
37424,tsn
37425,eng
37426,ven
37427,nso
37428,ven
37429,sot
37430,nso
37431,sot
37432,afr
37433,tso
37434,afr
37435,afr
37436,nso
37437,ven
37438,ssw
37439,nbl
37440,ssw
37441,eng
37442,ven
37443,tsn
37444,nso
37445,nso
37446,nbl
37447,ven
37448,sot
37449,ven
37450,tso
37451,nbl
37452,zul
37453,tso
37454,zul
37455,afr
37456,xho
37457,zul
37458,tsn
37459,ven
37460,nso
37461,afr
37462,afr
37463,tso
37464,ssw
37465,ven
37466,nbl
37467,ven
37468,tso
37469,ven
37470,xho
37471,afr
37472,tso
37473,nso
37474,afr
37475,xho
37476,nbl
37477,nso
37478,ven
37479,xho
37480,xho
37481,nso
37482,nso
37483,tsn
37484,ssw
37485,ssw
37486,tsn
37487,xho
37488,sot
37489,tsn
37490,nso
37491,tso
37492,ven
37493,ssw
37494,afr
37495,ven
37496,ven
37497,afr
37498,ssw
37499,nso
37500,ssw
37501,xho
37502,nso
37503,tsn
37504,sot
37505,ven
37506,xho
37507,ssw
37508,ven
37509,tsn
37510,xho
37511,xho
37512,xho
37513,tso
37514,xho
37515,tsn
37516,xho
37517,sot
37518,ven
37519,tsn
37520,tsn
37521,nso
37522,ven
37523,ven
37524,zul
37525,nso
37526,tsn
37527,nso
37528,ven
37529,xho
37530,nbl
37531,xho
37532,ssw
37533,tsn
37534,afr
37535,sot
37536,nso
37537,afr
37538,tsn
37539,eng
37540,nbl
37541,afr
37542,afr
37543,tsn
37544,tso
37545,nso
37546,sot
37547,ven
37548,eng
37549,ssw
37550,zul
37551,afr
37552,tsn
37553,zul
37554,xho
37555,xho
37556,tso
37557,tso
37558,ven
37559,tsn
37560,tsn
37561,nso
37562,eng
37563,sot
37564,tsn
37565,sot
37566,sot
37567,ven
37568,ssw
37569,sot
37570,tsn
37571,ven
37572,afr
37573,xho
37574,ssw
37575,ssw
37576,zul
37577,ssw
37578,zul
37579,xho
37580,tso
37581,tso
37582,sot
37583,nso
37584,xho
37585,tsn
37586,ssw
37587,sot
37588,ssw
37589,nso
37590,sot
37591,zul
37592,tso
37593,ven
37594,ssw
37595,tsn
37596,ven
37597,eng
37598,nbl
37599,afr
37600,nso
37601,ven
37602,sot
37603,tsn
37604,ssw
37605,tso
37606,ssw
37607,afr
37608,xho
37609,nso
37610,afr
37611,sot
37612,tso
37613,afr
37614,afr
37615,xho
37616,eng
37617,tsn
37618,tsn
37619,ssw
37620,ven
37621,xho
37622,tsn
37623,ssw
37624,tso
37625,zul
37626,ven
37627,afr
37628,tso
37629,nso
37630,tsn
37631,ssw
37632,eng
37633,ven
37634,tsn
37635,xho
37636,xho
37637,eng
37638,ssw
37639,nbl
37640,tsn
37641,nso
37642,tso
37643,tso
37644,nso
37645,nso
37646,nso
37647,tso
37648,ven
37649,nbl
37650,ssw
37651,sot
37652,ven
37653,afr
37654,nso
37655,ssw
37656,ssw
37657,ssw
37658,tso
37659,xho
37660,zul
37661,xho
37662,nso
37663,xho
37664,afr
37665,eng
37666,zul
37667,nso
37668,afr
37669,xho
37670,xho
37671,nso
37672,ven
37673,nbl
37674,xho
37675,xho
37676,xho
37677,zul
37678,sot
37679,tso
37680,xho
37681,zul
37682,zul
37683,ven
37684,xho
37685,afr
37686,sot
37687,tsn
37688,tso
37689,tso
37690,xho
37691,nbl
37692,nso
37693,tsn
37694,ven
37695,sot
37696,sot
37697,nbl
37698,ssw
37699,ssw
37700,afr
37701,ssw
37702,tsn
37703,zul
37704,tso
37705,xho
37706,ven
37707,sot
37708,tsn
37709,nbl
37710,afr
37711,xho
37712,nso
37713,afr
37714,afr
37715,xho
37716,tsn
37717,xho
37718,xho
37719,nbl
37720,afr
37721,nso
37722,tsn
37723,xho
37724,sot
37725,xho
37726,zul
37727,tsn
37728,tsn
37729,ssw
37730,nso
37731,xho
37732,nso
37733,eng
37734,xho
37735,xho
37736,tso
37737,nso
37738,nbl
37739,tso
37740,nso
37741,nso
37742,sot
37743,xho
37744,ssw
37745,sot
37746,xho
37747,nso
37748,afr
37749,xho
37750,afr
37751,zul
37752,sot
37753,sot
37754,nso
37755,afr
37756,nso
37757,tsn
37758,zul
37759,sot
37760,nso
37761,tsn
37762,tsn
37763,ssw
37764,tsn
37765,nso
37766,sot
37767,ssw
37768,sot
37769,ven
37770,eng
37771,xho
37772,sot
37773,ssw
37774,eng
37775,nso
37776,nso
37777,sot
37778,nbl
37779,nbl
37780,nso
37781,ven
37782,ssw
37783,afr
37784,afr
37785,tso
37786,xho
37787,ven
37788,ssw
37789,ssw
37790,zul
37791,afr
37792,nbl
37793,ssw
37794,nso
37795,ven
37796,ven
37797,tso
37798,nso
37799,afr
37800,xho
37801,nso
37802,xho
37803,eng
37804,zul
37805,eng
37806,ven
37807,nso
37808,zul
37809,afr
37810,ssw
37811,xho
37812,xho
37813,nbl
37814,nso
37815,tso
37816,ven
37817,tso
37818,tsn
37819,xho
37820,nbl
37821,nso
37822,nso
37823,sot
37824,sot
37825,afr
37826,afr
37827,nbl
37828,nso
37829,ssw
37830,sot
37831,ssw
37832,ssw
37833,ssw
37834,sot
37835,zul
37836,nso
37837,sot
37838,nbl
37839,xho
37840,ssw
37841,tsn
37842,zul
37843,xho
37844,xho
37845,xho
37846,tso
37847,afr
37848,tso
37849,xho
37850,afr
37851,sot
37852,tsn
37853,nbl
37854,nso
37855,xho
37856,nso
37857,nbl
37858,ven
37859,afr
37860,afr
37861,afr
37862,ssw
37863,nso
37864,sot
37865,xho
37866,nso
37867,ssw
37868,xho
37869,ssw
37870,ssw
37871,sot
37872,ven
37873,xho
37874,ven
37875,zul
37876,zul
37877,ven
37878,nbl
37879,tsn
37880,xho
37881,afr
37882,ssw
37883,nbl
37884,sot
37885,tso
37886,ssw
37887,nso
37888,xho
37889,ssw
37890,zul
37891,eng
37892,nso
37893,ven
37894,zul
37895,afr
37896,nbl
37897,zul
37898,nso
37899,tso
37900,eng
37901,tsn
37902,xho
37903,afr
37904,zul
37905,tso
37906,xho
37907,sot
37908,nso
37909,tsn
37910,sot
37911,sot
37912,nso
37913,nso
37914,tsn
37915,zul
37916,xho
37917,nso
37918,nbl
37919,nso
37920,afr
37921,nbl
37922,tso
37923,tso
37924,afr
37925,afr
37926,ven
37927,ssw
37928,ven
37929,ssw
37930,nbl
37931,zul
37932,ven
37933,nso
37934,ven
37935,eng
37936,ssw
37937,ssw
37938,ssw
37939,nso
37940,ven
37941,nso
37942,ssw
37943,eng
37944,xho
37945,tso
37946,ssw
37947,tso
37948,afr
37949,xho
37950,eng
37951,afr
37952,nso
37953,ssw
37954,nso
37955,tso
37956,nso
37957,nso
37958,xho
37959,eng
37960,nso
37961,ssw
37962,nso
37963,afr
37964,sot
37965,tsn
37966,nbl
37967,nbl
37968,sot
37969,nso
37970,nso
37971,nso
37972,ssw
37973,eng
37974,afr
37975,tso
37976,tso
37977,ven
37978,tsn
37979,zul
37980,nbl
37981,ssw
37982,tso
37983,ssw
37984,ssw
37985,nso
37986,ven
37987,afr
37988,ven
37989,afr
37990,nso
37991,ssw
37992,xho
37993,tsn
37994,afr
37995,tsn
37996,nso
37997,tsn
37998,afr
37999,eng
38000,sot
38001,ven
38002,tsn
38003,sot
38004,afr
38005,sot
38006,ssw
38007,afr
38008,ven
38009,ssw
38010,xho
38011,sot
38012,ven
38013,nso
38014,tso
38015,sot
38016,zul
38017,ssw
38018,xho
38019,nso
38020,xho
38021,zul
38022,tso
38023,zul
38024,tso
38025,zul
38026,nso
38027,eng
38028,xho
38029,sot
38030,ven
38031,sot
38032,afr
38033,afr
38034,nbl
38035,xho
38036,xho
38037,eng
38038,ssw
38039,tso
38040,ssw
38041,afr
38042,sot
38043,ssw
38044,nso
38045,ssw
38046,ssw
38047,ssw
38048,eng
38049,sot
38050,nbl
38051,sot
38052,sot
38053,tso
38054,ven
38055,zul
38056,afr
38057,xho
38058,zul
38059,afr
38060,sot
38061,zul
38062,tsn
38063,zul
38064,nbl
38065,ven
38066,sot
38067,ssw
38068,tsn
38069,nso
38070,afr
38071,zul
38072,ven
38073,ssw
38074,nso
38075,afr
38076,eng
38077,afr
38078,ven
38079,zul
38080,zul
38081,xho
38082,ssw
38083,ven
38084,tso
38085,nbl
38086,sot
38087,xho
38088,nbl
38089,ven
38090,nbl
38091,afr
38092,ssw
38093,sot
38094,afr
38095,eng
38096,ssw
38097,ssw
38098,afr
38099,tsn
38100,afr
38101,nbl
38102,tsn
38103,tsn
38104,afr
38105,sot
38106,sot
38107,ven
38108,nso
38109,nbl
38110,nbl
38111,nso
38112,sot
38113,afr
38114,nbl
38115,sot
38116,xho
38117,nso
38118,afr
38119,sot
38120,ven
38121,ssw
38122,sot
38123,nso
38124,afr
38125,afr
38126,zul
38127,ssw
38128,ven
38129,xho
38130,afr
38131,nso
38132,ssw
38133,tso
38134,nbl
38135,ssw
38136,tsn
38137,nso
38138,xho
38139,tso
38140,ssw
38141,xho
38142,eng
38143,tsn
38144,tso
38145,afr
38146,nso
38147,ven
38148,xho
38149,tsn
38150,afr
38151,ssw
38152,nso
38153,tso
38154,nbl
38155,sot
38156,sot
38157,ssw
38158,eng
38159,ssw
38160,nso
38161,tsn
38162,sot
38163,ven
38164,eng
38165,nso
38166,tso
38167,xho
38168,nso
38169,nbl
38170,nso
38171,zul
38172,nbl
38173,zul
38174,afr
38175,tso
38176,sot
38177,ven
38178,sot
38179,nbl
38180,tso
38181,afr
38182,afr
38183,sot
38184,sot
38185,nso
38186,sot
38187,nso
38188,zul
38189,tsn
38190,zul
38191,ssw
38192,xho
38193,xho
38194,nbl
38195,ven
38196,nbl
38197,nbl
38198,sot
38199,ven
38200,nbl
38201,nso
38202,nbl
38203,afr
38204,afr
38205,afr
38206,nso
38207,nbl
38208,tso
38209,ven
38210,nso
38211,tso
38212,ven
38213,sot
38214,nso
38215,xho
38216,afr
38217,afr
38218,ven
38219,zul
38220,xho
38221,tsn
38222,ssw
38223,tso
38224,nbl
38225,afr
38226,nso
38227,nso
38228,xho
38229,afr
38230,tso
38231,sot
38232,sot
38233,tso
38234,nso
38235,nbl
38236,nso
38237,ven
38238,nso
38239,afr
38240,nso
38241,ven
38242,ssw
38243,tso
38244,nbl
38245,nso
38246,xho
38247,nso
38248,xho
38249,ssw
38250,ssw
38251,ssw
38252,afr
38253,tsn
38254,ssw
38255,nbl
38256,sot
38257,nso
38258,zul
38259,nso
38260,afr
38261,ssw
38262,nso
38263,tso
38264,nso
38265,tsn
38266,nbl
38267,ven
38268,tsn
38269,ven
38270,sot
38271,eng
38272,ssw
38273,sot
38274,ssw
38275,tsn
38276,afr
38277,ven
38278,sot
38279,ssw
38280,zul
38281,ssw
38282,nbl
38283,nso
38284,tsn
38285,sot
38286,tsn
38287,nso
38288,tso
38289,nbl
38290,xho
38291,sot
38292,ssw
38293,ven
38294,xho
38295,tsn
38296,tso
38297,nso
38298,afr
38299,ssw
38300,ssw
38301,ssw
38302,ssw
38303,afr
38304,xho
38305,afr
38306,afr
38307,nso
38308,nso
38309,sot
38310,xho
38311,tso
38312,xho
38313,nbl
38314,zul
38315,afr
38316,xho
38317,sot
38318,sot
38319,ssw
38320,xho
38321,eng
38322,eng
38323,ssw
38324,ven
38325,tsn
38326,afr
38327,sot
38328,ven
38329,xho
38330,nbl
38331,tsn
38332,xho
38333,nbl
38334,sot
38335,nso
38336,afr
38337,ven
38338,xho
38339,ssw
38340,ssw
38341,xho
38342,ven
38343,sot
38344,ven
38345,ssw
38346,ssw
38347,xho
38348,ven
38349,ssw
38350,xho
38351,sot
38352,sot
38353,ssw
38354,nso
38355,xho
38356,nbl
38357,zul
38358,afr
38359,ssw
38360,nso
38361,xho
38362,nbl
38363,nso
38364,nbl
38365,sot
38366,zul
38367,ven
38368,nso
38369,afr
38370,ven
38371,afr
38372,tso
38373,ven
38374,ssw
38375,nso
38376,xho
38377,tso
38378,eng
38379,sot
38380,nso
38381,tsn
38382,eng
38383,ven
38384,nbl
38385,nso
38386,ssw
38387,ssw
38388,ssw
38389,ven
38390,tso
38391,sot
38392,sot
38393,tsn
38394,sot
38395,ven
38396,ssw
38397,xho
38398,ssw
38399,sot
38400,ssw
38401,sot
38402,nso
38403,tsn
38404,ssw
38405,nbl
38406,ven
38407,nbl
38408,ssw
38409,xho
38410,sot
38411,ssw
38412,ven
38413,tsn
38414,ven
38415,ven
38416,ssw
38417,ssw
38418,afr
38419,ssw
38420,nso
38421,nso
38422,ssw
38423,tsn
38424,sot
38425,afr
38426,tsn
38427,tso
38428,tsn
38429,nso
38430,xho
38431,nbl
38432,xho
38433,zul
38434,afr
38435,afr
38436,eng
38437,xho
38438,ven
38439,zul
38440,sot
38441,ven
38442,ssw
38443,ssw
38444,sot
38445,afr
38446,afr
38447,sot
38448,ssw
38449,tso
38450,ssw
38451,tso
38452,zul
38453,nso
38454,tsn
38455,afr
38456,tso
38457,ven
38458,tsn
38459,tsn
38460,afr
38461,ven
38462,nso
38463,xho
38464,tso
38465,ssw
38466,nso
38467,xho
38468,ven
38469,sot
38470,ssw
38471,ven
38472,tsn
38473,nso
38474,sot
38475,zul
38476,xho
38477,sot
38478,tso
38479,nso
38480,nso
38481,nso
38482,sot
38483,afr
38484,eng
38485,zul
38486,ssw
38487,tso
38488,ssw
38489,tsn
38490,nbl
38491,sot
38492,tsn
38493,ven
38494,nso
38495,ven
38496,ssw
38497,ven
38498,tso
38499,tsn
38500,sot
38501,sot
38502,tsn
38503,eng
38504,afr
38505,ssw
38506,ssw
38507,nso
38508,afr
38509,sot
38510,afr
38511,eng
38512,nso
38513,nso
38514,zul
38515,ssw
38516,nso
38517,xho
38518,afr
38519,ven
38520,ssw
38521,zul
38522,xho
38523,ssw
38524,afr
38525,ven
38526,nso
38527,ven
38528,sot
38529,xho
38530,sot
38531,nso
38532,tsn
38533,nbl
38534,ssw
38535,xho
38536,ven
38537,sot
38538,tso
38539,nbl
38540,ven
38541,afr
38542,xho
38543,tsn
38544,nso
38545,ven
38546,sot
38547,xho
38548,xho
38549,afr
38550,nso
38551,nso
38552,afr
38553,ssw
38554,ven
38555,xho
38556,tsn
38557,sot
38558,nbl
38559,sot
38560,tsn
38561,nso
38562,nso
38563,afr
38564,afr
38565,nso
38566,nso
38567,tso
38568,zul
38569,ven
38570,tso
38571,ven
38572,ven
38573,sot
38574,xho
38575,ssw
38576,tso
38577,eng
38578,ven
38579,sot
38580,tsn
38581,ssw
38582,ven
38583,xho
38584,zul
38585,sot
38586,nbl
38587,ssw
38588,ssw
38589,tso
38590,tsn
38591,nso
38592,tsn
38593,tsn
38594,ssw
38595,afr
38596,nso
38597,nbl
38598,nso
38599,xho
38600,afr
38601,nso
38602,tso
38603,sot
38604,ven
38605,zul
38606,tsn
38607,sot
38608,xho
38609,nso
38610,afr
38611,tsn
38612,afr
38613,nso
38614,zul
38615,ssw
38616,ven
38617,tso
38618,ven
38619,afr
38620,ssw
38621,ssw
38622,ssw
38623,tsn
38624,tsn
38625,xho
38626,afr
38627,tsn
38628,afr
38629,xho
38630,sot
38631,ssw
38632,nso
38633,xho
38634,tso
38635,zul
38636,zul
38637,ssw
38638,zul
38639,ssw
38640,tsn
38641,nso
38642,xho
38643,tso
38644,ssw
38645,tso
38646,tsn
38647,ssw
38648,nso
38649,ssw
38650,tsn
38651,tsn
38652,nbl
38653,sot
38654,nso
38655,nso
38656,ven
38657,nso
38658,zul
38659,ven
38660,xho
38661,nbl
38662,ssw
38663,afr
38664,ven
38665,afr
38666,ssw
38667,xho
38668,nbl
38669,nbl
38670,eng
38671,sot
38672,afr
38673,ven
38674,nso
38675,ven
38676,nso
38677,eng
38678,nso
38679,sot
38680,sot
38681,tso
